start_date,total_sessions,total_duration_minutes,avg_duration_minutes,completed_sessions,material_types,total_jobs,success_rate,utilization_hours
2021-04-01,3,17.92,5.97,3,1,0,100.0,0.3
2021-04-03,1,4.58,4.58,1,1,0,100.0,0.1
2021-04-08,1,5.38,5.38,1,1,0,100.0,0.1
2021-04-10,1,4.88,4.88,1,1,0,100.0,0.1
2021-04-12,1,7.42,7.42,1,1,0,100.0,0.1
2021-04-15,1,5.05,5.05,1,1,0,100.0,0.1
2021-04-17,1,4.45,4.45,1,1,0,100.0,0.1
2021-04-20,1,4.67,4.67,1,1,0,100.0,0.1
2021-04-22,1,4.8,4.8,1,1,0,100.0,0.1
2021-04-23,3,13.67,4.56,3,1,0,100.0,0.2
2021-04-30,1,4.63,4.63,1,1,0,100.0,0.1
2021-05-04,3,14.65,4.88,3,1,0,100.0,0.2
2021-05-14,1,5.03,5.03,1,1,0,100.0,0.1
2021-05-15,1,4.48,4.48,1,1,0,100.0,0.1
2021-05-25,2,9.0,4.5,2,1,0,100.0,0.2
2021-05-28,5,23.3,4.66,5,1,0,100.0,0.4
2021-05-29,1,4.33,4.33,1,1,0,100.0,0.1
2021-05-31,3,13.27,4.42,3,1,0,100.0,0.2
2021-06-01,1,4.32,4.32,1,1,0,100.0,0.1
2021-06-03,1,4.22,4.22,1,1,0,100.0,0.1
2021-06-04,1,4.2,4.2,1,1,0,100.0,0.1
2021-06-12,1,174.82,174.82,1,1,0,100.0,2.9
2021-06-14,1,5.12,5.12,1,1,0,100.0,0.1
2021-06-18,1,4.82,4.82,1,1,0,100.0,0.1
2021-06-21,2,8.58,4.29,2,1,0,100.0,0.1
2021-06-25,1,4.88,4.88,1,1,0,100.0,0.1
2021-06-26,2,9.12,4.56,2,1,0,100.0,0.2
2021-06-28,1,4.68,4.68,1,1,0,100.0,0.1
2021-07-01,1,4.57,4.57,1,1,0,100.0,0.1
2021-07-03,5,24.7,4.94,5,1,0,100.0,0.4
2021-07-05,3,14.92,4.97,3,1,0,100.0,0.2
2021-07-10,5,22.72,4.54,5,1,0,100.0,0.4
2021-07-15,2,9.23,4.62,2,1,0,100.0,0.2
2021-07-19,2,9.27,4.63,2,1,0,100.0,0.2
2021-07-20,2,9.02,4.51,2,1,0,100.0,0.2
2021-07-22,3,13.97,4.66,3,1,0,100.0,0.2
2021-07-27,2,9.15,4.58,2,1,0,100.0,0.2
2021-07-30,1,4.47,4.47,1,1,0,100.0,0.1
2021-07-31,1,4.42,4.42,1,1,0,100.0,0.1
2021-08-07,2,9.12,4.56,2,1,0,100.0,0.2
2021-08-14,1,4.5,4.5,1,1,0,100.0,0.1
2021-08-16,3,13.82,4.61,3,1,0,100.0,0.2
2021-08-19,5,22.47,4.49,5,1,0,100.0,0.4
2021-08-21,7,35.18,5.03,7,1,0,100.0,0.6
2021-08-23,5,25.28,5.06,5,1,0,100.0,0.4
2021-08-24,4,25.43,6.36,4,1,0,100.0,0.4
2021-08-26,2,12.65,6.32,2,1,0,100.0,0.2
2021-08-27,3,15.97,5.32,3,1,0,100.0,0.3
2021-08-28,4,26.72,6.68,4,1,0,100.0,0.4
2021-08-30,1,4.92,4.92,1,1,0,100.0,0.1
2021-08-31,1,4.53,4.53,1,1,0,100.0,0.1
2021-09-02,3,13.47,4.49,3,1,0,100.0,0.2
2021-09-04,1,4.22,4.22,1,1,0,100.0,0.1
2021-09-10,5,169.18,33.84,5,1,0,100.0,2.8
2021-09-14,1,4.65,4.65,1,1,0,100.0,0.1
2021-09-17,2,9.88,4.94,2,1,0,100.0,0.2
2021-09-20,2,8.88,4.44,2,1,0,100.0,0.1
2021-09-21,2,9.05,4.53,2,1,0,100.0,0.2
2021-09-24,2,10.18,5.09,2,1,0,100.0,0.2
2021-09-28,6,31.33,5.22,6,1,0,100.0,0.5
2021-09-30,2,9.57,4.78,2,1,0,100.0,0.2
2021-10-01,1,4.38,4.38,1,1,0,100.0,0.1
2021-10-04,4,19.57,4.89,4,1,0,100.0,0.3
2021-10-05,2,11.37,5.68,2,1,0,100.0,0.2
2021-10-07,7,40.03,5.72,7,1,0,100.0,0.7
2021-10-08,5,21.67,4.33,5,1,0,100.0,0.4
2021-10-14,1,4.55,4.55,1,1,0,100.0,0.1
2021-10-15,1,4.55,4.55,1,1,0,100.0,0.1
2021-10-18,8,34.25,4.28,8,1,0,100.0,0.6
2021-10-19,1,5.52,5.52,1,1,0,100.0,0.1
2021-10-21,1,4.28,4.28,1,1,0,100.0,0.1
2021-10-22,1,4.33,4.33,1,1,0,100.0,0.1
2021-10-25,2,10.65,5.32,2,1,0,100.0,0.2
2021-10-26,2,8.75,4.38,2,1,0,100.0,0.1
2021-10-28,1,4.48,4.48,1,1,0,100.0,0.1
2021-10-29,2,9.77,4.88,2,1,0,100.0,0.2
2021-11-01,4,19.15,4.79,4,1,0,100.0,0.3
2021-11-02,2,9.12,4.56,2,1,0,100.0,0.2
2021-11-04,1,4.57,4.57,1,1,0,100.0,0.1
2021-11-05,2,8.68,4.34,2,1,0,100.0,0.1
2021-11-08,1,4.25,4.25,1,1,0,100.0,0.1
2021-11-09,3,16.25,5.42,3,1,0,100.0,0.3
2021-11-11,2,9.25,4.62,2,1,0,100.0,0.2
2021-11-12,6,30.63,5.11,6,1,0,100.0,0.5
2021-11-13,5,22.33,4.47,5,1,0,100.0,0.4
2021-11-15,3,15.28,5.09,3,1,0,100.0,0.3
2021-11-16,5,24.8,4.96,5,1,0,100.0,0.4
2021-11-20,2,8.47,4.23,2,1,0,100.0,0.1
2021-11-22,8,37.38,4.67,8,1,0,100.0,0.6
2021-11-23,1,4.65,4.65,1,1,0,100.0,0.1
2021-11-27,8,34.42,4.3,8,1,0,100.0,0.6
2021-11-30,1,4.33,4.33,1,1,0,100.0,0.1
2021-12-02,3,13.62,4.54,3,1,0,100.0,0.2
2021-12-03,3,13.45,4.48,3,1,0,100.0,0.2
2021-12-04,2,9.43,4.72,2,1,0,100.0,0.2
2021-12-06,2,10.75,5.38,2,1,0,100.0,0.2
2021-12-07,1,4.38,4.38,1,1,0,100.0,0.1
2021-12-10,4,19.25,4.81,4,1,0,100.0,0.3
2021-12-11,1,4.18,4.18,1,1,0,100.0,0.1
2021-12-13,5,23.12,4.62,5,1,0,100.0,0.4
2021-12-14,3,14.22,4.74,3,1,0,100.0,0.2
2021-12-16,1,5.42,5.42,1,1,0,100.0,0.1
2021-12-17,5,23.0,4.6,5,1,0,100.0,0.4
2021-12-18,1,4.72,4.72,1,1,0,100.0,0.1
2021-12-20,1,4.82,4.82,1,1,0,100.0,0.1
2021-12-28,1,4.42,4.42,1,1,0,100.0,0.1
2021-12-30,1,5.02,5.02,1,1,0,100.0,0.1
2022-01-04,1,4.72,4.72,1,1,0,100.0,0.1
2022-01-06,3,13.18,4.39,3,1,0,100.0,0.2
2022-01-07,3,12.87,4.29,3,1,0,100.0,0.2
2022-01-08,4,19.48,4.87,4,1,0,100.0,0.3
2022-01-10,2,177.92,88.96,2,1,0,100.0,3.0
2022-01-11,4,22.83,5.71,4,1,0,100.0,0.4
2022-01-14,3,13.83,4.61,3,1,0,100.0,0.2
2022-01-15,4,17.93,4.48,4,1,0,100.0,0.3
2022-01-17,3,22.72,7.57,3,1,0,100.0,0.4
2022-01-18,1,4.25,4.25,1,1,0,100.0,0.1
2022-01-20,2,9.22,4.61,2,1,0,100.0,0.2
2022-01-21,2,8.77,4.38,2,1,0,100.0,0.1
2022-01-22,1,5.2,5.2,1,1,0,100.0,0.1
2022-01-24,1,4.32,4.32,1,1,0,100.0,0.1
2022-01-25,3,13.22,4.41,3,1,0,100.0,0.2
2022-01-28,2,9.02,4.51,2,1,0,100.0,0.2
2022-01-29,4,18.58,4.65,4,1,0,100.0,0.3
2022-01-31,1,4.58,4.58,1,1,0,100.0,0.1
2022-02-03,4,25.38,6.35,4,1,0,100.0,0.4
2022-02-04,4,19.2,4.8,4,1,0,100.0,0.3
2022-02-07,5,23.67,4.73,5,1,0,100.0,0.4
2022-02-08,2,8.68,4.34,2,1,0,100.0,0.1
2022-02-10,3,13.18,4.39,3,1,0,100.0,0.2
2022-02-11,4,17.57,4.39,4,1,0,100.0,0.3
2022-02-14,2,9.33,4.67,2,1,0,100.0,0.2
2022-02-15,2,11.3,5.65,2,1,0,100.0,0.2
2022-02-17,12,47.7,3.98,12,1,0,100.0,0.8
2022-02-19,3,13.0,4.33,3,1,0,100.0,0.2
2022-02-21,2,9.0,4.5,2,1,0,100.0,0.2
2022-02-22,3,15.3,5.1,3,1,0,100.0,0.3
2022-02-24,4,19.28,4.82,4,1,0,100.0,0.3
2022-02-25,6,26.78,4.46,6,1,0,100.0,0.4
2022-02-26,4,17.78,4.45,4,1,0,100.0,0.3
2022-02-28,6,26.02,4.34,6,1,0,100.0,0.4
2022-03-01,6,25.75,4.29,6,1,0,100.0,0.4
2022-03-03,2,9.5,4.75,2,1,0,100.0,0.2
2022-03-04,8,40.13,5.02,8,1,0,100.0,0.7
2022-03-05,6,52.23,8.71,6,1,0,100.0,0.9
2022-03-07,6,26.33,4.39,6,1,0,100.0,0.4
2022-03-08,2,9.0,4.5,2,1,0,100.0,0.2
2022-03-10,3,14.55,4.85,3,1,0,100.0,0.2
2022-03-11,2,8.6,4.3,2,1,0,100.0,0.1
2022-03-12,5,23.12,4.62,5,1,0,100.0,0.4
2022-03-14,3,13.73,4.58,3,1,0,100.0,0.2
2022-03-15,5,20.35,4.07,5,1,0,100.0,0.3
2022-03-17,2,8.78,4.39,2,1,0,100.0,0.1
2022-03-18,7,31.93,4.56,7,1,0,100.0,0.5
2022-03-19,4,17.8,4.45,4,1,0,100.0,0.3
2022-03-21,5,23.58,4.72,5,1,0,100.0,0.4
2022-03-24,6,29.32,4.89,6,1,0,100.0,0.5
2022-03-25,3,44.92,14.97,3,1,0,100.0,0.7
2022-03-26,3,14.75,4.92,3,1,0,100.0,0.2
2022-03-28,3,13.25,4.42,3,1,0,100.0,0.2
2022-03-29,5,25.98,5.2,5,1,0,100.0,0.4
2022-03-31,13,73.53,5.66,13,1,0,100.0,1.2
2022-04-01,4,16.98,4.25,4,1,0,100.0,0.3
2022-04-02,1,4.73,4.73,1,1,0,100.0,0.1
2022-04-04,2,9.18,4.59,2,1,0,100.0,0.2
2022-04-05,2,5.05,2.52,2,1,0,100.0,0.1
2022-04-07,7,46.45,6.64,7,1,4,100.0,0.8
2022-04-08,4,66.23,16.56,4,1,4,100.0,1.1
2022-04-09,5,21.35,4.27,5,1,5,100.0,0.4
2022-04-11,7,867.27,123.9,7,1,6,100.0,14.5
2022-04-12,10,61.33,6.13,10,1,9,100.0,1.0
2022-04-14,5,25.47,5.09,5,1,5,100.0,0.4
2022-04-16,1,4.83,4.83,1,1,1,100.0,0.1
2022-04-19,6,813.6,135.6,6,1,6,100.0,13.6
2022-04-20,2,11.88,5.94,2,1,2,100.0,0.2
2022-04-21,3,18.08,6.03,3,1,3,100.0,0.3
2022-04-22,7,47.67,6.81,7,1,7,100.0,0.8
2022-04-23,3,15.8,5.27,3,1,3,100.0,0.3
2022-04-25,3,25.57,8.52,3,1,3,100.0,0.4
2022-04-27,4,32.37,8.09,4,1,4,100.0,0.5
2022-04-28,7,42.0,6.0,7,1,7,100.0,0.7
2022-04-30,2,20.68,10.34,2,1,1,100.0,0.3
2022-05-02,1,4.88,4.88,1,1,1,100.0,0.1
2022-05-03,12,99.9,8.33,12,1,12,100.0,1.7
2022-05-05,5,37.83,7.57,5,1,5,100.0,0.6
2022-05-06,8,52.92,6.61,8,1,8,100.0,0.9
2022-05-07,3,15.05,5.02,3,1,3,100.0,0.3
2022-05-09,6,41.87,6.98,6,1,6,100.0,0.7
2022-05-10,6,27.68,4.61,6,1,6,100.0,0.5
2022-05-11,1,4.52,4.52,1,1,1,100.0,0.1
2022-05-12,5,22.9,4.58,5,1,5,100.0,0.4
2022-05-13,4,36.57,9.14,4,1,4,100.0,0.6
2022-05-14,2,12.62,6.31,2,1,2,100.0,0.2
2022-05-16,5,23.03,4.61,5,1,2,100.0,0.4
2022-05-17,4,19.7,4.92,4,1,4,100.0,0.3
2022-05-21,3,15.03,5.01,3,1,3,100.0,0.3
2022-05-23,4,19.48,4.87,4,1,0,100.0,0.3
2022-05-24,3,104.1,34.7,3,1,3,100.0,1.7
2022-05-25,1,4.75,4.75,1,1,1,100.0,0.1
2022-05-28,5,25.6,5.12,5,1,3,100.0,0.4
2022-05-30,10,47.22,4.72,10,1,10,100.0,0.8
2022-05-31,5,23.97,4.79,5,1,5,100.0,0.4
2022-06-01,3,35.4,11.8,3,1,3,100.0,0.6
2022-06-02,6,27.42,4.57,6,1,3,100.0,0.5
2022-06-03,2,43.25,21.62,2,1,2,100.0,0.7
2022-06-04,3,15.92,5.31,3,1,0,100.0,0.3
2022-06-06,4,24.22,6.05,4,1,4,100.0,0.4
2022-06-07,4,20.37,5.09,4,1,4,100.0,0.3
2022-06-11,6,31.53,5.26,6,1,0,100.0,0.5
2022-06-13,3,15.17,5.06,3,1,3,100.0,0.3
2022-06-14,5,25.83,5.17,5,1,2,100.0,0.4
2022-06-16,6,29.6,4.93,6,1,2,100.0,0.5
2022-06-18,1,5.23,5.23,1,1,1,100.0,0.1
2022-06-20,7,35.43,5.06,7,1,7,100.0,0.6
2022-06-21,6,29.13,4.86,6,1,6,100.0,0.5
2022-06-23,6,37.37,6.23,6,1,2,100.0,0.6
2022-06-24,2,7.72,3.86,2,1,0,100.0,0.1
2022-06-25,4,20.25,5.06,4,1,4,100.0,0.3
2022-06-27,7,33.25,4.75,7,1,7,100.0,0.6
2022-06-28,6,44.9,7.48,6,1,6,100.0,0.7
2022-06-30,11,55.03,5.0,11,1,11,100.0,0.9
2022-07-01,7,111.2,15.89,7,1,7,100.0,1.9
2022-07-02,2,10.27,5.13,2,1,2,100.0,0.2
2022-07-04,4,51.1,12.78,4,1,7,100.0,0.9
2022-07-05,11,63.25,5.75,11,1,11,100.0,1.1
2022-07-07,10,685.35,68.54,10,1,8,100.0,11.4
2022-07-08,13,87.53,6.73,13,1,13,100.0,1.5
2022-07-11,6,30.4,5.07,6,1,5,100.0,0.5
2022-07-12,7,33.53,4.79,7,1,0,100.0,0.6
2022-07-14,1,4.8,4.8,1,1,1,100.0,0.1
2022-07-15,4,19.15,4.79,4,1,4,100.0,0.3
2022-07-16,3,14.88,4.96,3,1,3,100.0,0.2
2022-07-18,6,29.12,4.85,6,1,6,100.0,0.5
2022-07-19,8,40.3,5.04,8,1,8,100.0,0.7
2022-07-21,7,36.78,5.25,7,1,7,100.0,0.6
2022-07-22,5,25.12,5.02,5,1,3,100.0,0.4
2022-07-25,7,33.0,4.71,7,1,6,100.0,0.6
2022-07-26,4,19.78,4.95,4,1,4,100.0,0.3
2022-07-28,8,38.22,4.78,8,1,8,100.0,0.6
2022-07-29,3,13.77,4.59,3,1,1,100.0,0.2
2022-07-30,4,22.1,5.52,4,1,4,100.0,0.4
2022-08-01,4,22.73,5.68,4,1,3,100.0,0.4
2022-08-02,4,19.22,4.8,4,1,4,100.0,0.3
2022-08-04,9,44.67,4.96,9,1,6,100.0,0.7
2022-08-05,4,19.07,4.77,4,1,4,100.0,0.3
2022-08-08,2,9.7,4.85,2,1,2,100.0,0.2
2022-08-09,3,14.53,4.84,3,1,3,100.0,0.2
2022-08-10,1,5.02,5.02,1,1,1,100.0,0.1
2022-08-11,5,27.95,5.59,5,1,5,100.0,0.5
2022-08-12,4,24.45,6.11,4,1,3,100.0,0.4
2022-08-13,1,4.95,4.95,1,1,1,100.0,0.1
2022-08-15,11,67.8,6.16,11,1,11,100.0,1.1
2022-08-16,2,8.92,4.46,2,1,0,100.0,0.1
2022-08-18,2,9.3,4.65,2,1,2,100.0,0.2
2022-08-19,6,73.78,12.3,6,1,5,100.0,1.2
2022-08-20,3,10.98,3.66,3,1,2,100.0,0.2
2022-08-22,5,25.62,5.12,5,1,0,100.0,0.4
2022-08-23,7,35.22,5.03,7,1,0,100.0,0.6
2022-08-25,13,65.75,5.06,13,1,0,100.0,1.1
2022-08-26,4,20.38,5.1,4,1,0,100.0,0.3
2022-08-27,1,4.65,4.65,1,1,0,100.0,0.1
2022-08-29,5,26.32,5.26,5,1,3,100.0,0.4
2022-08-30,4,18.93,4.73,4,1,4,100.0,0.3
2022-09-01,6,79.37,13.23,6,1,10,100.0,1.3
2022-09-03,2,12.57,6.28,2,1,2,100.0,0.2
2022-09-05,9,53.77,5.97,9,2,9,100.0,0.9
2022-09-06,7,36.73,5.25,7,2,7,100.0,0.6
2022-09-07,5,24.0,4.8,5,2,5,100.0,0.4
2022-09-08,10,45.65,4.56,10,2,10,100.0,0.8
2022-09-09,3,15.13,5.04,3,1,1,100.0,0.3
2022-09-10,5,24.93,4.99,5,1,1,100.0,0.4
2022-09-12,4,19.65,4.91,4,1,4,100.0,0.3
2022-09-13,5,47.78,9.56,5,2,1,100.0,0.8
2022-09-14,2,9.6,4.8,2,1,0,100.0,0.2
2022-09-15,10,160.77,16.08,10,1,10,100.0,2.7
2022-09-16,1,8.55,8.55,1,1,1,100.0,0.1
2022-09-17,5,31.7,6.34,5,1,2,100.0,0.5
2022-09-19,6,27.33,4.56,6,1,6,100.0,0.5
2022-09-20,6,28.17,4.69,6,1,4,100.0,0.5
2022-09-22,3,15.18,5.06,3,1,3,100.0,0.3
2022-09-23,6,28.68,4.78,6,1,6,100.0,0.5
2022-09-24,2,9.3,4.65,2,1,2,100.0,0.2
2022-09-26,4,18.35,4.59,4,1,4,100.0,0.3
2022-09-27,4,19.18,4.8,4,1,4,100.0,0.3
2022-09-29,3,13.17,4.39,3,1,3,100.0,0.2
2022-09-30,5,46.07,9.21,5,1,5,100.0,0.8
2022-10-01,3,17.35,5.78,3,1,3,100.0,0.3
2022-10-03,3,30.0,10.0,3,1,3,100.0,0.5
2022-10-04,9,41.9,4.66,9,1,9,100.0,0.7
2022-10-05,2,7.08,3.54,2,1,1,100.0,0.1
2022-10-06,5,25.68,5.14,5,1,5,100.0,0.4
2022-10-10,3,24.03,8.01,3,1,3,100.0,0.4
2022-10-11,6,26.63,4.44,6,1,6,100.0,0.4
2022-10-13,3,14.13,4.71,3,1,2,100.0,0.2
2022-10-14,4,16.97,4.24,4,1,4,100.0,0.3
2022-10-15,4,20.17,5.04,4,1,4,100.0,0.3
2022-10-17,3,21.88,7.29,3,1,3,100.0,0.4
2022-10-18,9,66.35,7.37,9,1,5,100.0,1.1
2022-10-20,6,29.47,4.91,6,1,0,100.0,0.5
2022-10-21,4,19.25,4.81,4,1,4,100.0,0.3
2022-10-24,3,14.32,4.77,3,1,3,100.0,0.2
2022-10-28,6,29.5,4.92,6,1,6,100.0,0.5
2022-11-01,6,45.37,7.56,6,1,6,100.0,0.8
2022-11-03,3,14.13,4.71,3,1,3,100.0,0.2
2022-11-04,5,22.43,4.49,5,1,5,100.0,0.4
2022-11-05,1,5.75,5.75,1,1,1,100.0,0.1
2022-11-07,4,18.97,4.74,4,1,4,100.0,0.3
2022-11-10,2,10.07,5.03,2,1,2,100.0,0.2
2022-11-11,2,12.87,6.43,2,1,2,100.0,0.2
2022-11-12,2,9.02,4.51,2,1,2,100.0,0.2
2022-11-14,1,4.35,4.35,1,1,1,100.0,0.1
2022-11-15,2,9.22,4.61,2,1,2,100.0,0.2
2022-11-17,3,18.4,6.13,3,1,4,100.0,0.3
2022-11-18,1,5.12,5.12,1,1,0,100.0,0.1
2022-11-21,2,9.28,4.64,2,1,2,100.0,0.2
2022-11-24,3,17.92,5.97,3,1,3,100.0,0.3
2022-11-25,2,9.1,4.55,2,1,1,100.0,0.2
2022-11-26,2,9.68,4.84,2,1,2,100.0,0.2
2022-11-28,9,94.68,10.52,9,1,9,100.0,1.6
2022-11-29,6,29.87,4.98,6,1,6,100.0,0.5
2022-11-30,2,26.35,13.18,2,1,2,100.0,0.4
2022-12-01,5,29.3,5.86,5,1,5,100.0,0.5
2022-12-02,4,20.62,5.15,4,1,4,100.0,0.3
2022-12-05,9,43.88,4.88,9,1,9,100.0,0.7
2022-12-06,9,43.88,4.88,9,1,9,100.0,0.7
2022-12-07,1,3.72,3.72,1,1,1,100.0,0.1
2022-12-08,8,42.52,5.31,8,1,8,100.0,0.7
2022-12-09,1,4.57,4.57,1,1,1,100.0,0.1
2022-12-10,3,14.47,4.82,3,1,3,100.0,0.2
2022-12-12,7,68.35,9.76,7,1,7,100.0,1.1
2022-12-13,10,48.33,4.83,10,1,10,100.0,0.8
2022-12-15,5,37.7,7.54,5,1,5,100.0,0.6
2022-12-16,7,33.25,4.75,7,1,7,100.0,0.6
2022-12-17,1,5.38,5.38,1,1,1,100.0,0.1
2022-12-19,8,39.77,4.97,8,1,8,100.0,0.7
2022-12-20,7,30.52,4.36,7,1,7,100.0,0.5
2022-12-21,1,4.77,4.77,1,1,1,100.0,0.1
2022-12-22,7,34.48,4.93,7,1,7,100.0,0.6
2022-12-23,4,19.63,4.91,4,1,4,100.0,0.3
2022-12-27,3,15.92,5.31,3,1,3,100.0,0.3
2022-12-28,1,4.58,4.58,1,1,1,100.0,0.1
2022-12-29,1,6.2,6.2,1,1,1,100.0,0.1
2022-12-30,3,13.97,4.66,3,1,3,100.0,0.2
2023-01-02,9,47.62,5.29,9,1,9,100.0,0.8
2023-01-03,9,38.83,4.31,9,1,8,100.0,0.6
2023-01-04,2,15.7,7.85,2,1,2,100.0,0.3
2023-01-05,9,69.25,7.69,9,1,9,100.0,1.2
2023-01-06,8,42.62,5.33,8,1,8,100.0,0.7
2023-01-07,5,22.33,4.47,5,1,3,100.0,0.4
2023-01-09,8,77.25,9.66,8,1,7,100.0,1.3
2023-01-10,2,10.7,5.35,2,1,2,100.0,0.2
2023-01-12,10,43.85,4.38,10,1,9,100.0,0.7
2023-01-13,2,9.78,4.89,2,1,2,100.0,0.2
2023-01-14,4,18.45,4.61,4,1,4,100.0,0.3
2023-01-16,7,55.88,7.98,7,1,7,100.0,0.9
2023-01-17,2,9.07,4.53,2,1,2,100.0,0.2
2023-01-19,5,23.45,4.69,5,1,5,100.0,0.4
2023-01-20,6,29.0,4.83,6,1,6,100.0,0.5
2023-01-21,1,4.9,4.9,1,1,1,100.0,0.1
2023-01-23,2,523.35,261.68,2,1,19,100.0,8.7
2023-01-24,3,13.72,4.57,3,1,3,100.0,0.2
2023-01-25,4,19.0,4.75,4,1,4,100.0,0.3
2023-01-26,13,90.6,6.97,13,1,12,100.0,1.5
2023-01-27,1,5.48,5.48,1,1,1,100.0,0.1
2023-01-30,4,14.12,3.53,4,1,3,100.0,0.2
2023-01-31,4,18.85,4.71,4,1,4,100.0,0.3
2023-02-02,4,20.6,5.15,4,1,4,100.0,0.3
2023-02-03,4,20.52,5.13,4,1,4,100.0,0.3
2023-02-04,2,10.17,5.08,2,1,2,100.0,0.2
2023-02-06,3,14.63,4.88,3,1,3,100.0,0.2
2023-02-07,6,52.63,8.77,6,1,5,100.0,0.9
2023-02-09,2,9.43,4.72,2,1,2,100.0,0.2
2023-02-10,6,28.3,4.72,6,1,6,100.0,0.5
2023-02-11,3,13.67,4.56,3,1,3,100.0,0.2
2023-02-13,8,134.27,16.78,8,1,7,100.0,2.2
2023-02-15,1,4.52,4.52,1,1,0,100.0,0.1
2023-02-16,2,10.03,5.02,2,1,2,100.0,0.2
2023-02-17,4,23.08,5.77,4,1,4,100.0,0.4
2023-02-18,1,4.7,4.7,1,1,1,100.0,0.1
2023-02-20,3,14.93,4.98,3,1,3,100.0,0.2
2023-02-23,1,4.77,4.77,1,1,1,100.0,0.1
2023-02-24,6,28.93,4.82,6,1,5,100.0,0.5
2023-02-25,5,48.1,9.62,5,1,5,100.0,0.8
2023-02-27,1,5.42,5.42,1,1,1,100.0,0.1
2023-03-02,8,41.83,5.23,8,1,8,100.0,0.7
2023-03-03,7,36.4,5.2,7,1,7,100.0,0.6
2023-03-04,1,47.37,47.37,1,1,1,100.0,0.8
2023-03-06,9,41.5,4.61,9,1,9,100.0,0.7
2023-03-07,4,20.5,5.12,4,1,4,100.0,0.3
2023-03-09,5,24.98,5.0,5,1,5,100.0,0.4
2023-03-10,8,94.0,11.75,8,1,8,100.0,1.6
2023-03-11,1,4.78,4.78,1,1,0,100.0,0.1
2023-03-13,5,28.7,5.74,5,1,5,100.0,0.5
2023-03-14,3,14.63,4.88,3,1,3,100.0,0.2
2023-03-15,1,6.42,6.42,1,1,1,100.0,0.1
2023-03-16,6,28.45,4.74,6,1,6,100.0,0.5
2023-03-17,3,18.6,6.2,3,1,3,100.0,0.3
2023-03-18,3,20.28,6.76,3,1,3,100.0,0.3
2023-03-20,9,41.88,4.65,9,1,6,100.0,0.7
2023-03-21,4,19.57,4.89,4,1,4,100.0,0.3
2023-03-23,2,12.68,6.34,2,1,1,100.0,0.2
2023-03-24,12,112.15,9.35,12,1,12,100.0,1.9
2023-03-27,7,85.97,12.28,7,1,7,100.0,1.4
2023-03-28,4,18.92,4.73,4,1,4,100.0,0.3
2023-03-30,6,32.13,5.36,6,1,6,100.0,0.5
2023-03-31,4,19.72,4.93,4,1,4,100.0,0.3
2023-04-04,6,59.72,9.95,6,1,5,100.0,1.0
2023-04-06,3,13.67,4.56,3,1,3,100.0,0.2
2023-04-11,10,81.75,8.18,10,1,7,100.0,1.4
2023-04-12,1,4.38,4.38,1,1,1,100.0,0.1
2023-04-13,9,46.55,5.17,9,1,9,100.0,0.8
2023-04-14,7,803.0,114.71,7,1,3,100.0,13.4
2023-04-15,2,9.07,4.53,2,1,0,100.0,0.2
2023-04-17,8,41.52,5.19,8,1,7,100.0,0.7
2023-04-18,7,34.97,5.0,7,1,7,100.0,0.6
2023-04-20,7,58.3,8.33,7,1,3,100.0,1.0
2023-04-21,2,10.32,5.16,2,1,2,100.0,0.2
2023-04-22,2,20.17,10.08,2,1,2,100.0,0.3
2023-04-24,2,9.18,4.59,2,1,2,100.0,0.2
2023-04-25,2,9.32,4.66,2,1,2,100.0,0.2
2023-04-27,4,17.6,4.4,4,1,4,100.0,0.3
2023-04-28,2,11.32,5.66,2,1,2,100.0,0.2
2023-05-01,3,15.7,5.23,3,1,3,100.0,0.3
2023-05-02,4,22.3,5.58,4,1,4,100.0,0.4
2023-05-04,7,54.72,7.82,7,1,7,100.0,0.9
2023-05-05,2,8.98,4.49,2,1,2,100.0,0.1
2023-05-06,2,9.3,4.65,2,1,2,100.0,0.2
2023-05-11,3,15.32,5.11,3,1,3,100.0,0.3
2023-05-15,5,32.9,6.58,5,1,2,100.0,0.5
2023-05-16,4,17.92,4.48,4,1,4,100.0,0.3
2023-05-18,3,15.42,5.14,3,1,3,100.0,0.3
2023-05-19,2,9.57,4.78,2,1,2,100.0,0.2
2023-05-22,2,9.45,4.72,2,1,2,100.0,0.2
2023-05-23,3,31.92,10.64,3,1,3,100.0,0.5
2023-05-25,1,4.52,4.52,1,1,1,100.0,0.1
2023-05-26,2,9.5,4.75,2,1,2,100.0,0.2
2023-05-29,4,20.82,5.2,4,1,2,100.0,0.3
2023-05-30,1,4.53,4.53,1,1,1,100.0,0.1
2023-06-01,4,21.67,5.42,4,1,4,100.0,0.4
2023-06-02,1,4.67,4.67,1,1,1,100.0,0.1
2023-06-05,5,24.65,4.93,5,1,5,100.0,0.4
2023-06-06,3,15.08,5.03,3,1,3,100.0,0.3
2023-06-07,1,4.67,4.67,1,1,1,100.0,0.1
2023-06-08,5,131.55,26.31,5,1,3,100.0,2.2
2023-06-09,1,4.82,4.82,1,1,1,100.0,0.1
2023-06-12,1,4.63,4.63,1,1,1,100.0,0.1
2023-06-13,2,9.87,4.93,2,1,2,100.0,0.2
2023-06-15,3,14.02,4.67,3,1,3,100.0,0.2
2023-06-16,1,6.35,6.35,1,1,1,100.0,0.1
2023-06-19,2,10.0,5.0,2,1,2,100.0,0.2
2023-06-20,4,18.68,4.67,4,1,4,100.0,0.3
2023-06-21,1,3.95,3.95,1,1,1,100.0,0.1
2023-06-22,3,15.17,5.06,3,1,3,100.0,0.3
2023-06-23,1,4.57,4.57,1,1,1,100.0,0.1
2023-06-26,2,9.8,4.9,2,1,2,100.0,0.2
2023-06-27,7,35.3,5.04,7,1,7,100.0,0.6
2023-07-03,1,5.02,5.02,1,1,1,100.0,0.1
2023-07-06,3,43.1,14.37,3,1,6,100.0,0.7
2023-07-07,5,24.48,4.9,5,1,5,100.0,0.4
2023-07-10,5,24.68,4.94,5,1,5,100.0,0.4
2023-07-11,6,116.08,19.35,6,1,6,100.0,1.9
2023-07-13,2,9.4,4.7,2,1,2,100.0,0.2
2023-07-14,5,23.88,4.78,5,1,5,100.0,0.4
2023-07-17,3,14.35,4.78,3,1,3,100.0,0.2
2023-07-18,1,5.05,5.05,1,1,1,100.0,0.1
2023-07-20,5,72.82,14.56,5,1,4,100.0,1.2
2023-07-21,7,34.38,4.91,7,1,7,100.0,0.6
2023-07-22,3,14.98,4.99,3,1,3,100.0,0.2
2023-07-24,3,15.82,5.27,3,1,3,100.0,0.3
2023-07-27,2,11.5,5.75,2,1,2,100.0,0.2
2023-07-28,5,104.5,20.9,5,1,5,100.0,1.7
2023-07-29,2,45.18,22.59,2,1,6,100.0,0.8
2023-07-31,3,14.03,4.68,3,1,3,100.0,0.2
2023-08-01,3,14.52,4.84,3,1,3,100.0,0.2
2023-08-02,2,8.98,4.49,2,1,2,100.0,0.1
2023-08-03,5,87.98,17.6,5,1,9,100.0,1.5
2023-08-04,2,10.83,5.42,2,1,2,100.0,0.2
2023-08-05,1,5.25,5.25,1,1,0,100.0,0.1
2023-08-07,1,4.92,4.92,1,1,1,100.0,0.1
2023-08-08,2,9.3,4.65,2,1,2,100.0,0.2
2023-08-10,6,31.57,5.26,6,1,2,100.0,0.5
2023-08-12,3,14.3,4.77,3,1,3,100.0,0.2
2023-08-14,5,24.75,4.95,5,1,2,100.0,0.4
2023-08-17,1,4.62,4.62,1,1,1,100.0,0.1
2023-08-18,2,11.0,5.5,2,1,2,100.0,0.2
2023-08-22,8,39.22,4.9,8,1,5,100.0,0.7
2023-08-24,2,9.4,4.7,2,1,2,100.0,0.2
2023-08-25,2,10.83,5.42,2,1,2,100.0,0.2
2023-08-26,3,784.88,261.63,3,1,3,100.0,13.1
2023-08-27,1,4.4,4.4,1,1,1,100.0,0.1
2023-08-29,5,27.95,5.59,5,1,3,100.0,0.5
2023-08-31,2,9.53,4.77,2,1,2,100.0,0.2
2023-09-01,2,9.25,4.62,2,1,1,100.0,0.2
2023-09-04,3,13.95,4.65,3,1,3,100.0,0.2
2023-09-05,2,9.88,4.94,2,1,2,100.0,0.2
2023-09-07,4,20.87,5.22,4,1,3,100.0,0.3
2023-09-08,5,19.87,3.97,5,1,4,100.0,0.3
2023-09-09,1,4.92,4.92,1,1,1,100.0,0.1
2023-09-11,6,33.85,5.64,6,1,6,100.0,0.6
2023-09-12,8,61.8,7.72,8,1,7,100.0,1.0
2023-09-13,5,27.32,5.46,5,1,5,100.0,0.5
2023-09-14,4,19.93,4.98,4,1,4,100.0,0.3
2023-09-15,4,20.75,5.19,4,1,3,100.0,0.3
2023-09-16,8,82.6,10.32,8,1,6,100.0,1.4
2023-09-18,5,24.47,4.89,5,1,5,100.0,0.4
2023-09-19,6,78.9,13.15,6,1,6,100.0,1.3
2023-09-20,1,5.35,5.35,1,1,0,100.0,0.1
2023-09-21,3,14.0,4.67,3,1,3,100.0,0.2
2023-09-22,7,33.47,4.78,7,1,7,100.0,0.6
2023-09-23,1,4.82,4.82,1,1,1,100.0,0.1
2023-09-25,5,22.95,4.59,5,1,5,100.0,0.4
2023-09-26,9,49.15,5.46,9,1,9,100.0,0.8
2023-09-27,3,14.45,4.82,3,1,3,100.0,0.2
2023-09-28,10,46.25,4.62,10,1,7,100.0,0.8
2023-09-29,7,33.78,4.83,7,1,5,100.0,0.6
2023-09-30,2,8.47,4.23,2,1,2,100.0,0.1
2023-10-02,9,71.62,7.96,9,1,9,100.0,1.2
2023-10-03,1,4.57,4.57,1,1,1,100.0,0.1
2023-10-04,4,29.57,7.39,4,1,2,100.0,0.5
2023-10-05,6,71.22,11.87,6,1,2,100.0,1.2
2023-10-06,1,4.8,4.8,1,1,1,100.0,0.1
2023-10-09,12,59.78,4.98,12,1,11,100.0,1.0
2023-10-10,7,54.3,7.76,7,1,7,100.0,0.9
2023-10-11,2,4.73,2.37,2,1,0,100.0,0.1
2023-10-12,5,72.4,14.48,5,1,5,100.0,1.2
2023-10-13,7,35.45,5.06,7,1,1,100.0,0.6
2023-10-14,1,5.53,5.53,1,1,1,100.0,0.1
2023-10-16,7,66.92,9.56,7,1,4,100.0,1.1
2023-10-17,2,5.17,2.58,2,1,0,100.0,0.1
2023-10-18,6,32.05,5.34,6,1,5,100.0,0.5
2023-10-19,5,26.27,5.25,5,1,0,100.0,0.4
2023-10-20,1,4.07,4.07,1,1,0,100.0,0.1
2023-10-21,2,11.28,5.64,2,1,2,100.0,0.2
2023-10-23,4,16.25,4.06,4,1,4,100.0,0.3
2023-10-24,4,19.35,4.84,4,1,4,100.0,0.3
2023-10-25,8,36.77,4.6,8,1,7,100.0,0.6
2023-10-26,9,54.77,6.09,9,1,5,100.0,0.9
2023-10-27,6,21.8,3.63,6,1,5,100.0,0.4
2023-10-28,1,6.15,6.15,1,1,1,100.0,0.1
2023-10-30,3,11.07,3.69,3,1,3,100.0,0.2
2023-10-31,2,9.0,4.5,2,1,2,100.0,0.2
2023-11-01,1,4.5,4.5,1,1,1,100.0,0.1
2023-11-02,5,26.45,5.29,5,1,5,100.0,0.4
2023-11-03,2,10.67,5.33,2,1,2,100.0,0.2
2023-11-04,2,22.33,11.17,2,1,2,100.0,0.4
2023-11-06,4,20.55,5.14,4,1,4,100.0,0.3
2023-11-07,4,19.68,4.92,4,1,4,100.0,0.3
2023-11-09,2,9.02,4.51,2,1,2,100.0,0.2
2023-11-10,3,13.48,4.49,3,1,3,100.0,0.2
2023-11-11,1,5.53,5.53,1,1,1,100.0,0.1
2023-11-13,2,9.77,4.88,2,1,2,100.0,0.2
2023-11-14,3,13.35,4.45,3,1,1,100.0,0.2
2023-11-15,4,31.2,7.8,4,1,4,100.0,0.5
2023-11-16,5,27.28,5.46,5,1,4,100.0,0.5
2023-11-18,8,42.27,5.28,8,1,7,100.0,0.7
2023-11-20,6,31.12,5.19,6,1,4,100.0,0.5
2023-11-21,1,4.72,4.72,1,1,0,100.0,0.1
2023-11-22,5,96.67,19.33,5,1,8,100.0,1.6
2023-11-23,4,25.05,6.26,4,1,4,100.0,0.4
2023-11-25,3,17.43,5.81,3,1,3,100.0,0.3
2023-11-27,5,25.37,5.07,5,1,4,100.0,0.4
2023-11-28,2,10.45,5.22,2,1,2,100.0,0.2
2023-11-29,2,10.37,5.18,2,1,2,100.0,0.2
2023-11-30,2,10.6,5.3,2,1,2,100.0,0.2
2023-12-01,5,31.13,6.23,5,1,5,100.0,0.5
2023-12-02,4,16.28,4.07,4,1,4,100.0,0.3
2023-12-04,2,144.97,72.48,2,1,12,100.0,2.4
2023-12-05,5,20.52,4.1,5,1,4,100.0,0.3
2023-12-06,1,4.47,4.47,1,1,1,100.0,0.1
2023-12-07,2,20.1,10.05,2,1,2,100.0,0.3
2023-12-08,2,9.62,4.81,2,1,2,100.0,0.2
2023-12-09,2,11.02,5.51,2,1,2,100.0,0.2
2023-12-11,3,18.9,6.3,3,1,3,100.0,0.3
2023-12-12,4,35.6,8.9,4,1,4,100.0,0.6
2023-12-13,1,4.37,4.37,1,1,1,100.0,0.1
2023-12-14,1,4.63,4.63,1,1,1,100.0,0.1
2023-12-15,4,21.1,5.28,4,1,4,100.0,0.4
2023-12-18,3,21.52,7.17,3,1,1,100.0,0.4
2023-12-19,1,4.53,4.53,1,1,1,100.0,0.1
2023-12-20,2,11.62,5.81,2,1,2,100.0,0.2
2023-12-21,2,9.47,4.73,2,1,2,100.0,0.2
2023-12-22,1,4.93,4.93,1,1,1,100.0,0.1
2023-12-23,2,5.9,2.95,2,1,1,100.0,0.1
2023-12-27,2,9.58,4.79,2,1,2,100.0,0.2
2023-12-29,1,4.47,4.47,1,1,1,100.0,0.1
2023-12-30,4,45.15,11.29,4,1,4,100.0,0.8
2024-01-02,2,8.75,4.38,2,1,2,100.0,0.1
2024-01-03,1,5.05,5.05,1,1,1,100.0,0.1
2024-01-08,8,57.57,7.2,8,1,5,100.0,1.0
2024-01-09,1,5.4,5.4,1,1,0,100.0,0.1
2024-01-10,3,12.6,4.2,3,1,3,100.0,0.2
2024-01-11,3,14.3,4.77,3,1,3,100.0,0.2
2024-01-12,2,9.28,4.64,2,1,2,100.0,0.2
2024-01-13,1,6.32,6.32,1,1,1,100.0,0.1
2024-01-15,6,32.72,5.45,6,1,6,100.0,0.5
2024-01-16,6,29.58,4.93,6,1,3,100.0,0.5
2024-01-17,1,4.5,4.5,1,1,1,100.0,0.1
2024-01-18,8,48.75,6.09,8,1,8,100.0,0.8
2024-01-19,3,71.87,23.96,3,1,9,100.0,1.2
2024-01-22,3,26.73,8.91,3,1,3,100.0,0.4
2024-01-23,8,73.42,9.18,8,1,7,100.0,1.2
2024-01-24,8,41.9,5.24,8,1,8,100.0,0.7
2024-01-25,16,66.92,4.18,16,1,15,100.0,1.1
2024-01-26,6,30.57,5.09,6,1,4,100.0,0.5
2024-01-27,2,10.82,5.41,2,1,0,100.0,0.2
2024-01-29,6,26.02,4.34,6,1,2,100.0,0.4
2024-01-30,6,42.2,7.03,6,1,0,100.0,0.7
2024-01-31,10,702.37,70.24,10,1,10,100.0,11.7
2024-02-01,7,35.88,5.13,7,1,3,100.0,0.6
2024-02-03,2,9.23,4.62,2,1,2,100.0,0.2
2024-02-05,3,12.52,4.17,3,1,3,100.0,0.2
2024-02-06,10,98.52,9.85,10,1,6,100.0,1.6
2024-02-07,9,709.48,78.83,9,1,8,100.0,11.8
2024-02-08,7,37.03,5.29,7,1,1,100.0,0.6
2024-02-09,8,51.33,6.42,8,1,4,100.0,0.9
2024-02-10,1,5.82,5.82,1,1,0,100.0,0.1
2024-02-12,3,29.6,9.87,3,1,3,100.0,0.5
2024-02-13,4,17.28,4.32,4,1,4,100.0,0.3
2024-02-14,6,30.45,5.08,6,1,6,100.0,0.5
2024-02-15,7,55.67,7.95,7,1,7,100.0,0.9
2024-02-16,4,794.22,198.55,4,1,2,100.0,13.2
2024-02-17,5,27.97,5.59,5,1,4,100.0,0.5
2024-02-19,4,511.23,127.81,4,1,2,100.0,8.5
2024-02-20,7,674.25,96.32,7,1,7,100.0,11.2
2024-02-21,7,35.53,5.08,7,1,6,100.0,0.6
2024-02-22,6,69.85,11.64,6,1,1,100.0,1.2
2024-02-23,3,14.2,4.73,3,1,3,100.0,0.2
2024-02-24,2,63.73,31.87,2,1,8,100.0,1.1
2024-02-26,2,11.12,5.56,2,1,1,100.0,0.2
2024-02-27,5,21.62,4.32,5,1,0,100.0,0.4
2024-02-28,3,33.77,11.26,3,1,1,100.0,0.6
2024-02-29,12,67.55,5.63,12,1,12,100.0,1.1
2024-03-01,10,130.02,13.0,10,1,0,100.0,2.2
2024-03-02,4,21.22,5.3,4,1,4,100.0,0.4
2024-03-04,6,35.98,6.0,6,1,5,100.0,0.6
2024-03-06,13,147.85,11.37,13,1,11,100.0,2.5
2024-03-07,4,635.03,158.76,4,1,0,100.0,10.6
2024-03-08,1,4.7,4.7,1,1,0,100.0,0.1
2024-03-09,1,7.22,7.22,1,1,1,100.0,0.1
2024-03-11,2,9.88,4.94,2,1,2,100.0,0.2
2024-03-13,2,43.45,21.72,2,1,1,100.0,0.7
2024-03-14,2,10.27,5.13,2,1,2,100.0,0.2
2024-03-16,1,4.45,4.45,1,1,1,100.0,0.1
2024-03-18,3,14.35,4.78,3,1,3,100.0,0.2
2024-03-21,5,26.35,5.27,5,1,5,100.0,0.4
2024-03-22,2,15.27,7.63,2,1,2,100.0,0.3
2024-03-23,1,4.75,4.75,1,1,1,100.0,0.1
2024-03-25,6,60.38,10.06,6,1,5,100.0,1.0
2024-03-26,3,16.53,5.51,3,1,3,100.0,0.3
2024-03-27,3,24.45,8.15,3,1,4,100.0,0.4
2024-03-28,3,105.47,35.16,3,1,8,100.0,1.8
2024-03-30,4,21.17,5.29,4,1,4,100.0,0.4
2024-04-02,5,56.25,11.25,5,1,5,100.0,0.9
2024-04-03,2,10.8,5.4,2,1,2,100.0,0.2
2024-04-04,1,5.37,5.37,1,1,1,100.0,0.1
2024-04-06,2,46.88,23.44,2,1,7,100.0,0.8
2024-04-08,5,41.82,8.36,5,1,5,100.0,0.7
2024-04-10,2,45.6,22.8,2,1,2,100.0,0.8
2024-04-11,4,26.22,6.55,4,1,4,100.0,0.4
2024-04-13,1,4.5,4.5,1,1,1,100.0,0.1
2024-04-15,3,14.78,4.93,3,1,3,100.0,0.2
2024-04-16,4,19.07,4.77,4,1,4,100.0,0.3
2024-04-18,1,3.75,3.75,1,1,1,100.0,0.1
2024-04-19,5,177.28,35.46,5,1,15,100.0,3.0
2024-04-20,8,49.12,6.14,8,1,5,100.0,0.8
2024-04-22,2,198.62,99.31,2,1,12,100.0,3.3
2024-04-23,5,17.12,3.42,5,1,5,100.0,0.3
2024-04-24,3,9.62,3.21,3,1,3,100.0,0.2
2024-04-25,4,14.73,3.68,4,1,4,100.0,0.2
2024-04-29,5,17.48,3.5,5,1,5,100.0,0.3
2024-04-30,3,11.38,3.79,3,1,3,100.0,0.2
2024-05-01,3,12.83,4.28,3,1,2,100.0,0.2
2024-05-02,3,11.28,3.76,3,1,3,100.0,0.2
2024-05-03,4,13.73,3.43,4,1,2,100.0,0.2
2024-05-04,1,3.77,3.77,1,1,1,100.0,0.1
2024-05-07,3,9.53,3.18,3,1,3,100.0,0.2
2024-05-08,6,28.12,4.69,6,1,6,100.0,0.5
2024-05-11,6,24.52,4.09,6,1,6,100.0,0.4
2024-05-13,3,11.98,3.99,3,1,3,100.0,0.2
2024-05-14,2,7.33,3.67,2,1,2,100.0,0.1
2024-05-15,4,16.58,4.15,4,1,4,100.0,0.3
2024-05-16,3,77.15,25.72,3,1,8,100.0,1.3
2024-05-17,5,71.0,14.2,5,1,5,100.0,1.2
2024-05-20,2,177.03,88.52,2,1,11,100.0,3.0
2024-05-21,4,14.48,3.62,4,1,4,100.0,0.2
2024-05-22,3,9.85,3.28,3,1,3,100.0,0.2
2024-05-23,4,13.63,3.41,4,1,4,100.0,0.2
2024-05-24,3,26.37,8.79,3,1,5,100.0,0.4
2024-05-27,5,17.92,3.58,5,1,1,100.0,0.3
2024-05-28,2,6.53,3.27,2,1,0,100.0,0.1
2024-05-29,6,32.73,5.46,6,1,6,100.0,0.5
2024-05-30,3,55.17,18.39,3,1,5,100.0,0.9
2024-05-31,8,36.15,4.52,8,1,8,100.0,0.6
2024-06-01,5,17.1,3.42,5,1,5,100.0,0.3
2024-06-03,2,7.33,3.67,2,1,2,100.0,0.1
2024-06-04,5,20.1,4.02,5,1,4,100.0,0.3
2024-06-05,2,7.37,3.68,2,1,2,100.0,0.1
2024-06-06,4,11.2,2.8,4,1,3,100.0,0.2
2024-06-08,3,10.25,3.42,3,1,3,100.0,0.2
2024-06-10,10,35.52,3.55,10,1,10,100.0,0.6
2024-06-11,6,20.6,3.43,6,1,6,100.0,0.3
2024-06-13,8,31.47,3.93,8,1,2,100.0,0.5
2024-06-15,3,11.33,3.78,3,1,3,100.0,0.2
2024-06-17,6,21.48,3.58,6,1,6,100.0,0.4
2024-06-18,3,10.67,3.56,3,1,3,100.0,0.2
2024-06-19,1,3.52,3.52,1,1,1,100.0,0.1
2024-06-20,4,19.48,4.87,4,1,3,100.0,0.3
2024-06-21,2,23.92,11.96,2,1,2,100.0,0.4
2024-06-22,1,3.53,3.53,1,1,1,100.0,0.1
2024-06-24,3,10.68,3.56,3,1,3,100.0,0.2
2024-06-25,13,66.95,5.15,13,1,12,100.0,1.1
2024-06-26,7,25.78,3.68,7,1,5,100.0,0.4
2024-06-27,2,8.45,4.22,2,1,2,100.0,0.1
2024-06-28,1,4.88,4.88,1,1,1,100.0,0.1
2024-07-01,2,7.43,3.72,2,1,2,100.0,0.1
2024-07-02,4,13.1,3.28,4,1,4,100.0,0.2
2024-07-04,6,24.75,4.12,6,1,6,100.0,0.4
2024-07-05,5,19.33,3.87,5,1,5,100.0,0.3
2024-07-06,2,52.02,26.01,2,1,7,100.0,0.9
2024-07-08,2,7.32,3.66,2,1,2,100.0,0.1
2024-07-09,2,8.37,4.18,2,1,2,100.0,0.1
2024-07-10,7,133.72,19.1,7,1,12,100.0,2.2
2024-07-11,5,21.15,4.23,5,1,5,100.0,0.4
2024-07-12,8,30.45,3.81,8,1,8,100.0,0.5
2024-07-13,1,3.38,3.38,1,1,1,100.0,0.1
2024-07-15,8,28.93,3.62,8,1,8,100.0,0.5
2024-07-16,7,23.88,3.41,7,1,7,100.0,0.4
2024-07-17,2,8.5,4.25,2,1,2,100.0,0.1
2024-07-18,3,42.6,14.2,3,1,8,100.0,0.7
2024-07-19,10,34.7,3.47,10,1,10,100.0,0.6
2024-07-22,9,32.93,3.66,9,1,10,100.0,0.5
2024-07-23,2,7.83,3.92,2,1,2,100.0,0.1
2024-07-24,3,11.07,3.69,3,1,2,100.0,0.2
2024-07-25,5,24.42,4.88,5,1,6,100.0,0.4
2024-07-27,3,12.52,4.17,3,1,3,100.0,0.2
2024-07-29,6,28.82,4.8,6,1,9,100.0,0.5
2024-07-30,2,7.1,3.55,2,1,2,100.0,0.1
2024-07-31,1,3.6,3.6,1,1,1,100.0,0.1
2024-08-01,1,4.42,4.42,1,1,1,100.0,0.1
2024-08-02,6,38.47,6.41,6,1,8,100.0,0.6
2024-08-03,2,7.02,3.51,2,1,2,100.0,0.1
2024-08-05,8,38.13,4.77,8,1,9,100.0,0.6
2024-08-06,2,6.93,3.47,2,1,2,100.0,0.1
2024-08-07,2,11.62,5.81,2,1,3,100.0,0.2
2024-08-08,7,25.75,3.68,7,1,8,100.0,0.4
2024-08-09,2,8.55,4.28,2,1,2,100.0,0.1
2024-08-10,3,14.72,4.91,3,1,2,100.0,0.2
2024-08-12,2,8.0,4.0,2,1,2,100.0,0.1
2024-08-13,2,7.1,3.55,2,1,2,100.0,0.1
2024-08-14,9,38.63,4.29,9,1,6,100.0,0.6
2024-08-15,5,75.2,15.04,5,1,10,100.0,1.3
2024-08-16,4,16.05,4.01,4,1,5,100.0,0.3
2024-08-17,1,6.8,6.8,1,1,2,100.0,0.1
2024-08-19,7,29.58,4.23,7,1,6,100.0,0.5
2024-08-20,2,11.3,5.65,2,1,3,100.0,0.2
2024-08-21,5,24.1,4.82,5,1,6,100.0,0.4
2024-08-22,4,19.45,4.86,4,1,5,100.0,0.3
2024-08-23,4,16.35,4.09,4,1,5,100.0,0.3
2024-08-26,6,28.18,4.7,6,1,1,100.0,0.5
2024-08-27,2,28.72,14.36,2,1,4,100.0,0.5
2024-08-28,6,24.77,4.13,6,1,8,100.0,0.4
2024-08-29,1,3.6,3.6,1,1,1,100.0,0.1
2024-08-30,6,22.38,3.73,6,1,7,100.0,0.4
2024-09-02,6,48.7,8.12,6,1,8,100.0,0.8
2024-09-03,6,53.88,8.98,6,1,5,100.0,0.9
2024-09-04,1,3.35,3.35,1,1,0,100.0,0.1
2024-09-05,5,21.12,4.22,5,1,1,100.0,0.4
2024-09-06,4,14.08,3.52,4,1,4,100.0,0.2
2024-09-07,4,15.37,3.84,4,1,4,100.0,0.3
2024-09-11,1,3.73,3.73,1,1,0,100.0,0.1
2024-09-12,1,1.82,1.82,1,1,1,100.0,0.0
2024-09-13,5,17.08,3.42,5,1,5,100.0,0.3
2024-09-14,3,12.95,4.32,3,1,4,100.0,0.2
2024-09-16,4,13.63,3.41,4,1,5,100.0,0.2
2024-09-18,8,23.77,2.97,8,1,5,100.0,0.4
2024-09-19,9,29.37,3.26,9,1,10,100.0,0.5
2024-09-20,1,5.03,5.03,1,1,2,100.0,0.1
2024-09-21,6,21.38,3.56,6,1,7,100.0,0.4
2024-09-23,5,191.62,38.32,5,1,32,100.0,3.2
2024-09-24,4,17.28,4.32,4,1,5,100.0,0.3
2024-09-25,2,6.02,3.01,2,1,2,100.0,0.1
2024-09-26,5,16.93,3.39,5,1,5,100.0,0.3
2024-09-27,1,2.98,2.98,1,1,1,100.0,0.0
2024-09-28,2,6.87,3.43,2,1,1,100.0,0.1
2024-09-30,2,36.67,18.33,2,1,4,100.0,0.6
2024-10-01,2,7.03,3.52,2,1,2,100.0,0.1
2024-10-03,2,6.02,3.01,2,1,2,100.0,0.1
2024-10-05,2,151.58,75.79,2,1,7,100.0,2.5
2024-10-07,2,7.18,3.59,2,1,2,100.0,0.1
2024-10-09,4,39.55,9.89,4,1,7,100.0,0.7
2024-10-11,2,6.17,3.08,2,1,2,100.0,0.1
2024-10-12,3,8.92,2.97,3,1,3,100.0,0.1
2024-10-14,6,29.52,4.92,6,1,6,100.0,0.5
2024-10-15,3,10.7,3.57,3,1,2,100.0,0.2
2024-10-16,6,51.83,8.64,6,1,7,100.0,0.9
2024-10-17,2,5.9,2.95,2,1,2,100.0,0.1
2024-10-18,5,17.35,3.47,5,1,5,100.0,0.3
2024-10-19,5,15.52,3.1,5,1,5,100.0,0.3
2024-10-21,3,9.68,3.23,3,1,3,100.0,0.2
2024-10-22,6,23.22,3.87,6,1,6,100.0,0.4
2024-10-23,2,5.47,2.73,2,1,2,100.0,0.1
2024-10-24,2,5.93,2.97,2,1,2,100.0,0.1
2024-10-25,2,5.92,2.96,2,1,1,100.0,0.1
2024-10-26,4,14.12,3.53,4,1,2,100.0,0.2
2024-10-28,4,12.87,3.22,4,1,5,100.0,0.2
2024-10-29,2,5.97,2.98,2,1,2,100.0,0.1
2024-10-30,1,4.8,4.8,1,1,1,100.0,0.1
2024-10-31,6,18.55,3.09,6,1,6,100.0,0.3
2024-11-01,1,4.28,4.28,1,1,2,100.0,0.1
2024-11-02,2,6.23,3.12,2,1,2,100.0,0.1
2024-11-04,2,7.72,3.86,2,1,1,100.0,0.1
2024-11-05,5,12.53,2.51,5,1,4,100.0,0.2
2024-11-06,4,18.3,4.58,4,1,4,100.0,0.3
2024-11-07,10,55.7,5.57,10,1,13,100.0,0.9
2024-11-08,1,2.72,2.72,1,1,1,100.0,0.0
2024-11-09,4,11.43,2.86,4,1,4,100.0,0.2
2024-11-11,6,19.55,3.26,6,1,4,100.0,0.3
2024-11-12,2,5.38,2.69,2,1,2,100.0,0.1
2024-11-13,4,13.67,3.42,4,1,4,100.0,0.2
2024-11-14,4,11.55,2.89,4,1,4,100.0,0.2
2024-11-15,1,3.0,3.0,1,1,1,100.0,0.0
2024-11-16,4,14.25,3.56,4,1,4,100.0,0.2
2024-11-18,7,23.73,3.39,7,1,8,100.0,0.4
2024-11-19,1,3.03,3.03,1,1,1,100.0,0.1
2024-11-20,6,18.3,3.05,6,1,6,100.0,0.3
2024-11-21,3,9.85,3.28,3,1,3,100.0,0.2
2024-11-22,2,5.85,2.92,2,1,2,100.0,0.1
2024-11-23,2,5.75,2.88,2,1,2,100.0,0.1
2024-11-25,1,3.08,3.08,1,1,1,100.0,0.1
2024-11-26,10,30.1,3.01,10,1,10,100.0,0.5
2024-11-27,8,26.07,3.26,8,1,6,100.0,0.4
2024-11-28,4,14.13,3.53,4,1,4,100.0,0.2
2024-11-29,3,13.68,4.56,3,1,3,100.0,0.2
2024-12-02,6,21.53,3.59,6,1,6,100.0,0.4
2024-12-03,7,20.32,2.9,7,1,7,100.0,0.3
2024-12-04,5,16.63,3.33,5,1,1,100.0,0.3
2024-12-05,4,14.57,3.64,4,1,2,100.0,0.2
2024-12-06,1,4.68,4.68,1,1,2,100.0,0.1
2024-12-07,5,15.22,3.04,5,1,3,100.0,0.3
2024-12-09,8,24.67,3.08,8,1,8,100.0,0.4
2024-12-10,9,59.32,6.59,9,1,9,100.0,1.0
2024-12-11,3,8.48,2.83,3,1,3,100.0,0.1
2024-12-12,4,22.72,5.68,4,1,4,100.0,0.4
2024-12-13,1,4.65,4.65,1,1,2,100.0,0.1
2024-12-14,5,17.88,3.58,5,1,5,100.0,0.3
2024-12-16,8,39.23,4.9,8,1,10,100.0,0.7
2024-12-19,6,52.4,8.73,6,1,5,100.0,0.9
2024-12-20,2,6.33,3.17,2,1,2,100.0,0.1
2024-12-21,5,15.55,3.11,5,1,5,100.0,0.3
2024-12-23,6,17.35,2.89,6,1,6,100.0,0.3
2024-12-24,2,10.98,5.49,2,1,3,100.0,0.2
2024-12-27,6,22.28,3.71,6,1,6,100.0,0.4
2024-12-28,2,5.65,2.82,2,1,2,100.0,0.1
2024-12-30,5,16.48,3.3,5,1,5,100.0,0.3
2024-12-31,2,7.58,3.79,2,1,2,100.0,0.1
2025-01-02,6,25.38,4.23,6,1,6,100.0,0.4
2025-01-03,3,8.85,2.95,3,1,3,100.0,0.1
2025-01-04,2,5.67,2.83,2,1,2,100.0,0.1
2025-01-06,7,24.83,3.55,7,1,7,100.0,0.4
2025-01-07,10,31.35,3.14,10,1,10,100.0,0.5
2025-01-08,7,38.0,5.43,7,1,7,100.0,0.6
2025-01-09,4,15.9,3.98,4,1,4,100.0,0.3
2025-01-10,5,19.1,3.82,5,1,6,100.0,0.3
2025-01-11,3,10.73,3.58,3,1,3,100.0,0.2
2025-01-13,3,144.0,48.0,3,1,19,100.0,2.4
2025-01-14,6,18.35,3.06,6,1,5,100.0,0.3
2025-01-15,3,10.1,3.37,3,1,3,100.0,0.2
2025-01-16,7,25.62,3.66,7,1,7,100.0,0.4
2025-01-17,3,57.27,19.09,3,1,8,100.0,1.0
2025-01-18,5,15.65,3.13,5,1,5,100.0,0.3
2025-01-20,7,20.75,2.96,7,1,7,100.0,0.3
2025-01-21,6,20.48,3.41,6,1,6,100.0,0.3
2025-01-22,3,9.13,3.04,3,1,3,100.0,0.2
2025-01-23,4,14.63,3.66,4,1,5,100.0,0.2
2025-01-24,5,12.82,2.56,5,1,4,100.0,0.2
2025-01-25,3,197.05,65.68,3,1,8,100.0,3.3
2025-01-27,4,16.33,4.08,4,1,4,100.0,0.3
2025-01-28,8,27.05,3.38,8,1,8,100.0,0.5
2025-01-29,9,24.2,2.69,9,1,8,100.0,0.4
2025-01-31,5,16.43,3.29,5,1,4,100.0,0.3
2025-02-03,4,10.6,2.65,4,1,4,100.0,0.2
2025-02-04,5,18.67,3.73,5,1,5,100.0,0.3
2025-02-05,2,5.32,2.66,2,1,2,100.0,0.1
2025-02-06,3,80.27,26.76,3,1,13,100.0,1.3
2025-02-07,4,15.32,3.83,4,1,2,100.0,0.3
2025-02-08,7,22.15,3.16,7,1,7,100.0,0.4
2025-02-10,6,78.33,13.06,6,1,6,100.0,1.3
2025-02-11,9,27.4,3.04,9,1,9,100.0,0.5
2025-02-12,5,15.03,3.01,5,1,4,100.0,0.3
2025-02-13,3,9.53,3.18,3,1,3,100.0,0.2
2025-02-14,5,18.92,3.78,5,1,6,100.0,0.3
2025-02-15,3,12.7,4.23,3,1,3,100.0,0.2
2025-02-17,2,7.18,3.59,2,1,2,100.0,0.1
2025-02-18,4,20.18,5.05,4,1,4,100.0,0.3
2025-02-19,3,9.93,3.31,3,1,3,100.0,0.2
2025-02-20,5,25.52,5.1,5,1,6,100.0,0.4
2025-02-21,7,21.68,3.1,7,1,7,100.0,0.4
2025-02-22,1,4.88,4.88,1,1,1,100.0,0.1
2025-02-24,4,12.3,3.08,4,1,4,100.0,0.2
2025-02-25,2,18.98,9.49,2,1,2,100.0,0.3
2025-02-26,2,7.53,3.77,2,1,2,100.0,0.1
2025-02-27,4,11.72,2.93,4,1,2,100.0,0.2
2025-02-28,3,12.22,4.07,3,1,4,100.0,0.2
2025-03-01,4,13.67,3.42,4,1,4,100.0,0.2
2025-03-03,4,19.63,4.91,4,1,3,100.0,0.3
2025-03-04,2,20.37,10.18,2,1,2,100.0,0.3
2025-03-05,3,9.68,3.23,3,1,3,100.0,0.2
2025-03-06,4,23.45,5.86,4,1,0,100.0,0.4
2025-03-07,5,32.7,6.54,5,1,0,100.0,0.5
2025-03-08,7,23.23,3.32,7,1,8,100.0,0.4
2025-03-10,3,14.1,4.7,3,1,1,100.0,0.2
2025-03-11,7,30.47,4.35,7,1,8,100.0,0.5
2025-03-12,1,4.75,4.75,1,1,2,100.0,0.1
2025-03-13,3,164.95,54.98,3,1,13,100.0,2.7
2025-03-14,5,48.13,9.63,5,1,8,100.0,0.8
2025-03-15,2,7.95,3.98,2,1,2,100.0,0.1
2025-03-17,7,25.42,3.63,7,1,8,100.0,0.4
2025-03-18,4,12.35,3.09,4,1,4,100.0,0.2
2025-03-19,5,13.45,2.69,5,1,5,100.0,0.2
2025-03-20,5,17.77,3.55,5,1,2,100.0,0.3
2025-03-21,1,2.75,2.75,1,1,1,100.0,0.0
2025-03-22,5,19.12,3.82,5,1,6,100.0,0.3
2025-03-24,3,54.43,18.14,3,1,5,100.0,0.9
2025-03-25,3,9.97,3.32,3,1,3,100.0,0.2
2025-03-26,8,23.25,2.91,8,1,7,100.0,0.4
2025-03-27,3,8.97,2.99,3,1,0,100.0,0.1
2025-03-28,8,26.23,3.28,8,1,7,100.0,0.4
2025-03-29,1,2.85,2.85,1,1,1,100.0,0.0
2025-03-31,4,11.3,2.82,4,1,1,100.0,0.2
2025-04-01,4,13.13,3.28,4,1,0,100.0,0.2
2025-04-02,2,5.78,2.89,2,1,2,100.0,0.1
2025-04-03,4,15.4,3.85,4,1,5,100.0,0.3
2025-04-04,4,12.35,3.09,4,1,4,100.0,0.2
2025-04-05,1,6.18,6.18,1,1,1,100.0,0.1
2025-04-07,2,6.05,3.02,2,1,2,100.0,0.1
2025-04-08,2,8.85,4.42,2,1,3,100.0,0.1
2025-04-09,2,5.98,2.99,2,1,2,100.0,0.1
2025-04-10,5,16.47,3.29,5,1,5,100.0,0.3
2025-04-11,3,8.45,2.82,3,1,3,100.0,0.1
2025-04-12,3,11.48,3.83,3,1,3,100.0,0.2
2025-04-14,7,30.28,4.33,7,1,4,100.0,0.5
2025-04-15,1,3.82,3.82,1,1,1,100.0,0.1
2025-04-16,3,11.33,3.78,3,1,4,100.0,0.2
2025-04-17,6,18.73,3.12,6,1,6,100.0,0.3
2025-04-19,7,25.55,3.65,7,1,8,100.0,0.4
2025-04-22,2,5.92,2.96,2,1,2,100.0,0.1
2025-04-23,6,19.03,3.17,6,1,5,100.0,0.3
2025-04-24,3,9.25,3.08,3,1,3,100.0,0.2
2025-04-25,4,11.97,2.99,4,1,0,100.0,0.2
2025-04-26,2,5.98,2.99,2,1,2,100.0,0.1
2025-04-28,1,4.0,4.0,1,1,1,100.0,0.1
2025-04-29,4,11.02,2.75,4,1,4,100.0,0.2
2025-04-30,3,8.37,2.79,3,1,3,100.0,0.1
2025-05-01,4,15.2,3.8,4,1,4,100.0,0.3
2025-05-02,4,12.2,3.05,4,1,4,100.0,0.2
2025-05-03,7,21.7,3.1,7,1,7,100.0,0.4
2025-05-05,2,8.23,4.12,2,1,3,100.0,0.1
2025-05-06,7,19.6,2.8,7,1,7,100.0,0.3
2025-05-08,8,20.62,2.58,8,1,8,100.0,0.3
2025-05-09,4,12.77,3.19,4,1,4,100.0,0.2
2025-05-10,5,21.5,4.3,5,1,2,100.0,0.4
2025-05-12,7,20.43,2.92,7,1,7,100.0,0.3
2025-05-13,8,26.28,3.29,8,1,7,100.0,0.4
2025-05-14,3,9.72,3.24,3,1,3,100.0,0.2
2025-05-16,10,84.45,8.44,10,1,10,100.0,1.4
2025-05-17,3,43.8,14.6,3,1,3,100.0,0.7
2025-05-19,5,136.17,27.23,5,1,10,100.0,2.3
2025-05-20,7,19.53,2.79,7,1,7,100.0,0.3
2025-05-21,3,9.3,3.1,3,1,2,100.0,0.2
2025-05-22,3,29.5,9.83,3,1,7,100.0,0.5
2025-05-23,7,63.62,9.09,7,1,8,100.0,1.1
2025-05-24,1,3.9,3.9,1,1,1,100.0,0.1
2025-05-26,6,17.17,2.86,6,1,1,100.0,0.3
2025-05-27,4,11.73,2.93,4,1,4,100.0,0.2
2025-05-28,6,16.27,2.71,6,1,1,100.0,0.3
2025-05-29,9,29.63,3.29,9,1,10,100.0,0.5
2025-05-30,1,3.92,3.92,1,1,1,100.0,0.1
2025-05-31,6,17.8,2.97,6,1,6,100.0,0.3
2025-06-02,3,9.42,3.14,3,1,3,100.0,0.2
2025-06-03,1,3.22,3.22,1,1,1,100.0,0.1
2025-06-04,1,4.67,4.67,1,1,1,100.0,0.1
2025-06-05,4,14.35,3.59,4,1,4,100.0,0.2
2025-06-06,3,10.22,3.41,3,2,3,100.0,0.2
2025-06-07,1,3.07,3.07,1,1,1,100.0,0.1
2025-06-09,2,149.47,74.73,2,1,7,100.0,2.5
2025-06-10,3,9.7,3.23,3,1,3,100.0,0.2
2025-06-11,3,9.08,3.03,3,1,3,100.0,0.2
2025-06-12,6,19.38,3.23,6,1,5,100.0,0.3
2025-06-14,3,10.52,3.51,3,2,1,100.0,0.2
2025-06-16,1,3.55,3.55,1,1,1,100.0,0.1
2025-06-18,4,12.5,3.12,4,1,4,100.0,0.2
2025-06-19,5,20.42,4.08,5,1,7,100.0,0.3
2025-06-20,3,9.47,3.16,3,1,3,100.0,0.2
2025-06-21,5,17.53,3.51,5,2,3,100.0,0.3
2025-06-23,5,41.0,8.2,5,1,5,100.0,0.7
2025-06-25,2,5.83,2.92,2,1,2,100.0,0.1
2025-06-26,3,10.78,3.59,3,1,4,100.0,0.2
2025-06-27,4,16.3,4.08,4,1,3,100.0,0.3
2025-06-28,2,7.4,3.7,2,1,2,100.0,0.1
2025-06-30,3,7.92,2.64,3,1,3,100.0,0.1
2025-07-01,3,62.32,20.77,3,1,8,100.0,1.0
2025-07-02,7,24.42,3.49,7,1,8,100.0,0.4
2025-07-03,7,23.38,3.34,7,1,8,100.0,0.4
2025-07-04,1,2.98,2.98,1,1,1,100.0,0.0
2025-07-05,3,10.08,3.36,3,1,3,100.0,0.2
2025-07-07,1,4.53,4.53,1,1,1,100.0,0.1
2025-07-08,2,6.07,3.03,2,1,2,100.0,0.1
2025-07-09,1,20.12,20.12,1,1,0,100.0,0.3
2025-07-10,2,7.88,3.94,2,1,2,100.0,0.1
2025-07-11,3,8.9,2.97,3,1,3,100.0,0.1
2025-07-12,2,5.22,2.61,2,1,2,100.0,0.1
2025-07-14,3,12.1,4.03,3,1,3,100.0,0.2
2025-07-15,1,2.72,2.72,1,1,1,100.0,0.0
2025-07-16,2,5.33,2.67,2,1,2,100.0,0.1
2025-07-18,3,116.92,38.97,3,1,8,100.0,1.9
2025-07-19,2,6.48,3.24,2,1,2,100.0,0.1
2025-07-21,4,14.23,3.56,4,1,4,100.0,0.2
2025-07-22,6,23.8,3.97,6,1,7,100.0,0.4
2025-07-23,6,72.78,12.13,6,1,11,100.0,1.2
2025-07-24,1,3.08,3.08,1,1,0,100.0,0.1
2025-07-25,3,12.13,4.04,3,1,3,100.0,0.2
2025-07-26,4,12.85,3.21,4,1,4,100.0,0.2
2025-07-28,4,11.43,2.86,4,1,4,100.0,0.2
2025-07-29,4,13.0,3.25,4,1,4,100.0,0.2
2025-07-30,4,15.68,3.92,4,1,5,100.0,0.3
2025-07-31,7,23.42,3.35,7,1,7,100.0,0.4
2025-08-01,10,28.93,2.89,10,1,10,100.0,0.5
2025-08-04,10,33.42,3.34,10,1,10,100.0,0.6
2025-08-05,6,17.6,2.93,6,1,6,100.0,0.3
2025-08-06,4,12.18,3.05,4,1,4,100.0,0.2
2025-08-08,3,10.88,3.63,3,1,3,100.0,0.2
2025-08-09,4,13.05,3.26,4,1,4,100.0,0.2
2025-08-11,4,12.3,3.08,4,1,4,100.0,0.2
2025-08-12,4,11.33,2.83,4,1,4,100.0,0.2
2025-08-13,6,20.1,3.35,6,1,6,100.0,0.3
2025-08-14,5,14.82,2.96,5,1,5,100.0,0.2
2025-08-15,9,27.38,3.04,9,1,10,100.0,0.5
2025-08-16,1,4.97,4.97,1,1,2,100.0,0.1
2025-08-18,7,101.72,14.53,7,1,12,100.0,1.7
2025-08-19,6,19.93,3.32,6,1,6,100.0,0.3
2025-08-20,2,5.63,2.82,2,1,2,100.0,0.1
2025-08-21,5,14.03,2.81,5,1,3,100.0,0.2
2025-08-22,5,17.07,3.41,5,1,3,100.0,0.3
2025-08-25,2,7.22,3.61,2,1,2,100.0,0.1
2025-08-26,2,5.28,2.64,2,1,2,100.0,0.1
2025-08-27,6,21.17,3.53,6,1,6,100.0,0.4
2025-08-28,5,14.03,2.81,5,1,5,100.0,0.2
2025-08-29,2,6.08,3.04,2,1,2,100.0,0.1
2025-08-30,4,11.48,2.87,4,1,4,100.0,0.2
2025-09-01,5,87.03,17.41,5,1,5,100.0,1.5
2025-09-02,9,29.25,3.25,9,1,0,100.0,0.5
2025-09-03,8,71.85,8.98,8,2,13,100.0,1.2
2025-09-04,19,83.75,4.41,19,2,19,100.0,1.4
2025-09-05,7,83.72,11.96,7,2,7,100.0,1.4
2025-09-06,5,15.43,3.09,5,2,5,100.0,0.3
2025-09-08,11,34.32,3.12,11,2,6,100.0,0.6
2025-09-09,12,153.67,12.81,12,2,12,100.0,2.6
2025-09-10,1,3.02,3.02,1,1,1,100.0,0.1
2025-09-11,10,52.35,5.24,10,2,10,100.0,0.9
2025-09-12,6,18.35,3.06,6,1,7,100.0,0.3
2025-09-13,5,26.08,5.22,5,2,5,100.0,0.4
2025-09-15,4,11.68,2.92,4,1,4,100.0,0.2
2025-09-16,6,26.97,4.49,6,2,5,100.0,0.4
2025-09-17,5,14.47,2.89,5,2,2,100.0,0.2
2025-09-18,7,37.73,5.39,7,2,6,100.0,0.6
2025-09-19,9,181.38,20.15,9,2,26,100.0,3.0
2025-09-20,8,30.87,3.86,8,2,5,100.0,0.5
2025-09-22,6,80.72,13.45,6,1,6,100.0,1.3
2025-09-23,4,272.55,68.14,4,1,20,100.0,4.5
2025-09-24,16,67.13,4.2,16,2,14,100.0,1.1
2025-09-25,8,58.48,7.31,8,2,8,100.0,1.0
2025-09-26,3,178.82,59.61,3,1,11,100.0,3.0
2025-09-27,9,51.65,5.74,9,2,9,100.0,0.9
2025-09-29,6,163.98,27.33,6,2,8,100.0,2.7
2025-09-30,3,28.08,9.36,3,1,3,100.0,0.5
2025-10-01,10,36.73,3.67,10,2,11,100.0,0.6
2025-10-02,7,36.23,5.18,7,2,7,100.0,0.6
2025-10-03,9,47.3,5.26,9,1,10,100.0,0.8
2025-10-06,9,34.37,3.82,9,2,8,100.0,0.6
2025-10-07,1,3.02,3.02,1,1,1,100.0,0.1
2025-10-08,7,21.18,3.03,7,2,7,100.0,0.4
2025-10-10,9,44.62,4.96,9,1,9,100.0,0.7
2025-10-11,6,147.57,24.59,6,2,17,100.0,2.5
2025-10-13,2,43.17,21.58,2,1,1,100.0,0.7
2025-10-14,8,27.07,3.87,7,3,8,87.5,0.5
